<?xml version="1.0" encoding="UTF-8" ?> 
 
<!DOCTYPE mapper
PUBLIC "-//mybatis.org//DTD Mapper 3.0//EN"
"http://mybatis.org/dtd/mybatis-3-mapper.dtd">

<mapper namespace="com.study.model.ReviewyMapper">
<insert id="create" parameterType="com.study.model.ReviewDTO">
    insert into review(content, regdate, id, contentsno)
    values(#{content}, sysdate(), #{id}, #{contentsno}) 
	</insert>
	<delete id="delete" parameterType="int">
	
	</delete>
	
	<select id="list" parameterType="Map" resultType="com.study.model.ReviewDTO">
		select rnum, content, regdate, id, contentsno
	    from review
	    where contentsno= #{contentsno}
	    order by rnum DESC
	    limit #{sno}, #{eno}
	</select>
	
	<select id="read" parameterType="int" resultType="com.study.model.ReviewDTO">
		   select * from review
    where rnum = #{rnum}
	</select>
	
	<select id="total" parameterType="int" resultType="int" >
		select count(*) from review
    	where contentsno = #{contentsno}
	</select>
	
	<update id="update" parameterType="com.study.model.ReviewDTO">
	
	</update>
</mapper>